4625;Feuerblüte;1;5759;7199
4625;Feuerblüte;10;73800;79999
4625;Feuerblüte;1;9900;9900
10333;Scharlachrote Handgelenksschützer;1;49577;62722
27658;Gerösteter Grollhuf;20;129000;136000
27658;Gerösteter Grollhuf;20;121899;129999
27658;Gerösteter Grollhuf;20;121899;129999
27658;Gerösteter Grollhuf;20;121899;129999
10036;Smokingjacke;1;229595;288119
23077;Blutgranat;1;9950;10000
34826;Goldener Trauring;1;200000;250000
18362;Heiliger Fleischklops: Was das Licht Dir nicht erzählt;1;658984;823730
8494;Papageienkäfig (Hyazinthara);1;5999900;5999900
31673;Knusperschlange;20;325999;375999
31673;Knusperschlange;20;325999;375999
31673;Knusperschlange;20;325999;375999
31673;Knusperschlange;20;325999;375999
3173;Bärenfleisch;5;5476;6845
2997;Wollstoffballen;1;3000;4000
2997;Wollstoffballen;10;30000;40000
2997;Wollstoffballen;2;6080;7600
2997;Wollstoffballen;10;35264;44080
27666;Goldfischstäbchen;20;528999;528999
27666;Goldfischstäbchen;20;528999;528999
27666;Goldfischstäbchen;20;528999;528999
10413;Handschuhe des Giftzahns;1;38000;47500
15765;Muster: Runenverzierte Lederhose;1;13602;13604
7076;Essenz der Erde;2;142398;142398
7076;Essenz der Erde;4;284796;284796
7076;Essenz der Erde;4;284796;284796
7076;Essenz der Erde;4;284796;284796
31909;Furien 2;1;1805622;2257028
33872;Feuriger Würztalbuk;20;149999;149999
33872;Feuriger Würztalbuk;20;149999;149999
33872;Feuriger Würztalbuk;20;149999;149999
33872;Feuriger Würztalbuk;20;149999;149999
9251;Oberes Kartenfragment;1;4940;6175
22563;Formel: Überragendes Zauberöl;1;151266;189083
22563;Formel: Überragendes Zauberöl;1;151266;189083
23113;Glänzender Golddraenit;1;6080;7600
23113;Glänzender Golddraenit;1;6080;7600
23113;Glänzender Golddraenit;1;6080;7600
23113;Glänzender Golddraenit;1;6080;7600
23113;Glänzender Golddraenit;1;9600;12000
23113;Glänzender Golddraenit;1;9600;12000
23113;Glänzender Golddraenit;1;9536;11920
23113;Glänzender Golddraenit;1;9536;11920
24067;Gezackter Talasit;1;41000;51000
24067;Gezackter Talasit;1;41000;51000
24067;Gezackter Talasit;1;41000;51000
24067;Gezackter Talasit;1;41000;51000
24067;Gezackter Talasit;1;41000;51000
24067;Gezackter Talasit;1;41000;51000
24067;Gezackter Talasit;1;41000;51000
24067;Gezackter Talasit;1;41000;51000
24067;Gezackter Talasit;1;41000;51000
24067;Gezackter Talasit;1;41000;51000
18333;Buchband des Fokus;1;1134878;1418598
21885;Urwasser;1;109977;109988
21885;Urwasser;1;109977;109988
21885;Urwasser;1;109977;109988
21885;Urwasser;1;109977;109988
21885;Urwasser;1;109977;109988
21885;Urwasser;1;109977;109988
21885;Urwasser;1;109977;109988
21885;Urwasser;1;109977;109988
21885;Urwasser;1;109977;109988
21885;Urwasser;1;109977;109988
21885;Urwasser;1;109977;109988
21885;Urwasser;1;109977;109988
21885;Urwasser;1;109977;109988
21885;Urwasser;1;109977;109988
21885;Urwasser;1;109977;109988
21885;Urwasser;1;109977;109988
21885;Urwasser;1;109977;109988
34105;Köcher der tausend Federn;1;1886000;1973000
19264;Kriegsfürst 7;1;113660;142076
10608;Bauplan: Heckenschützenzielfernrohr;1;26600;33250
5112;Ritualklinge;1;10000;15000
21887;Knotenhautleder;20;227500;240000
21887;Knotenhautleder;20;227500;240000
21887;Knotenhautleder;20;230000;235000
21887;Knotenhautleder;20;237500;239900
21887;Knotenhautleder;20;237500;239900
21887;Knotenhautleder;20;237500;239900
21887;Knotenhautleder;20;227500;240000
21887;Knotenhautleder;20;227500;240000
21887;Knotenhautleder;20;227500;240000
21887;Knotenhautleder;20;227500;240000
21887;Knotenhautleder;20;227500;240000
21887;Knotenhautleder;20;157500;178900
21887;Knotenhautleder;20;157500;178900
21887;Knotenhautleder;20;157500;178900
21887;Knotenhautleder;20;227500;234000
21887;Knotenhautleder;20;157500;178900
13443;Überragender Manatrank;2;4400;7000
13443;Überragender Manatrank;1;3800;4200
13443;Überragender Manatrank;1;3800;4200
13443;Überragender Manatrank;1;3800;4200
31308;Der Überbringer des Todes;1;169136;187605
31308;Der Überbringer des Todes;1;169136;187605
19726;Blutrebe;1;383775;479719
19726;Blutrebe;1;383775;479719
19726;Blutrebe;1;383775;479719
19726;Blutrebe;1;383775;479719
23590;Pläne: Adamantitschlägel;1;101727;127159
21877;Netherstoff;20;45000;50000
21877;Netherstoff;20;45000;50000
2776;Golderz;20;15000;20000
2776;Golderz;20;15000;20000
2776;Golderz;20;15000;20000
24196;Vorlage: Runenverzierter lebendiger Rubin;1;499999;799999
16052;Bauplan: Modularer Stimmenverstärker;1;1131076;1413846
16052;Bauplan: Modularer Stimmenverstärker;1;1279620;1599526
16052;Bauplan: Modularer Stimmenverstärker;1;1131076;1413846
16052;Bauplan: Modularer Stimmenverstärker;1;1131076;1413846
24401;Unbekannte Pflanzenteile;1;11125;12500
24401;Unbekannte Pflanzenteile;11;132375;149999
24401;Unbekannte Pflanzenteile;1;3400;3633
7912;Robuster Stein;16;15308;19136
17706;Pläne: Schneide des Winters;1;265620;332025
17706;Pläne: Schneide des Winters;1;265620;332025
10606;Bauplan: Fallschirmumhang;1;1312;2499
10606;Bauplan: Fallschirmumhang;1;2200;2495
23112;Golddraenit;2;20080;24532
23112;Golddraenit;2;23993;23996
23112;Golddraenit;2;20080;24532
23112;Golddraenit;2;20080;24532
23112;Golddraenit;2;20080;24532
23112;Golddraenit;2;20080;24532
23112;Golddraenit;2;20080;24532
23112;Golddraenit;2;20080;24532
23112;Golddraenit;20;190000;240000
23112;Golddraenit;2;24657;24660
23112;Golddraenit;11;141250;150000
23112;Golddraenit;20;245000;249900
23112;Golddraenit;1;12331;12332
23112;Golddraenit;1;12331;12332
23112;Golddraenit;1;12331;12332
23112;Golddraenit;1;12572;15840
23112;Golddraenit;1;3750;10000
23112;Golddraenit;2;22717;25241
23112;Golddraenit;1;7600;9500
13512;Fläschchen der obersten Macht;1;174499;174999
13512;Fläschchen der obersten Macht;1;174499;174999
13512;Fläschchen der obersten Macht;1;174499;174999
13512;Fläschchen der obersten Macht;1;174499;174999
13512;Fläschchen der obersten Macht;1;174499;174999
23425;Adamantiterz;11;82500;110000
12990;Messers Schneide;1;303924;379905
22393;Kodex: Gebet des Schattenschutzes;1;25201;31502
19260;Kriegsfürst 3;1;60000;80000
34861;Geschärfter Angelhaken;10;11011;12234
34861;Geschärfter Angelhaken;10;11011;12234
34861;Geschärfter Angelhaken;10;11011;12234
34861;Geschärfter Angelhaken;10;11011;12234
34861;Geschärfter Angelhaken;10;11011;12234
34861;Geschärfter Angelhaken;10;11011;12234
34861;Geschärfter Angelhaken;10;11011;12234
34861;Geschärfter Angelhaken;10;11011;12234
34861;Geschärfter Angelhaken;10;11011;12234
34861;Geschärfter Angelhaken;10;11011;12234
34861;Geschärfter Angelhaken;10;11011;12234
34861;Geschärfter Angelhaken;10;11011;12234
34861;Geschärfter Angelhaken;10;11011;12234
34861;Geschärfter Angelhaken;10;11011;12234
34861;Geschärfter Angelhaken;10;11011;12234
34861;Geschärfter Angelhaken;10;11011;12234
34861;Geschärfter Angelhaken;20;14110;18000
34861;Geschärfter Angelhaken;20;14109;18999
34861;Geschärfter Angelhaken;5;3608;4510
34861;Geschärfter Angelhaken;20;14109;18999
34861;Geschärfter Angelhaken;10;11011;12234
2825;Bogen der Sengpfeile;1;150000;150000
8290;Arkane Robe;1;145473;150000
31186;Braxxis' Stab des Schlummers;1;111184;138599
34330;Schweres Knotenhautrüstungsset;4;199996;239996
34330;Schweres Knotenhautrüstungsset;4;199996;239996
34330;Schweres Knotenhautrüstungsset;1;169999;189999
34330;Schweres Knotenhautrüstungsset;1;169999;189999
34330;Schweres Knotenhautrüstungsset;4;199996;239996
34330;Schweres Knotenhautrüstungsset;4;199996;239996
34330;Schweres Knotenhautrüstungsset;4;199996;239996
34330;Schweres Knotenhautrüstungsset;4;199996;239996
34330;Schweres Knotenhautrüstungsset;10;422500;500000
34330;Schweres Knotenhautrüstungsset;4;199996;239996
34330;Schweres Knotenhautrüstungsset;4;195000;230000
34330;Schweres Knotenhautrüstungsset;4;199996;239996
23771;Grünes Rauchsignal;20;397500;400000
34207;Handschuhverstärkung;1;351250;390000
14491;Muster: Runenstoffhose;1;27500;39000
37915;Muster: Ausgehschuhe;1;1875;10000
13031;Kugel des Dunstmantels;1;168872;210000
22788;Flammenkappe;1;17081;19056
22788;Flammenkappe;1;17081;19056
22788;Flammenkappe;1;17081;19056
22788;Flammenkappe;1;17081;19056
22788;Flammenkappe;1;17081;19056
22788;Flammenkappe;1;17081;19056
22788;Flammenkappe;1;17081;19056
22788;Flammenkappe;1;17081;19056
22788;Flammenkappe;1;17081;19056
22788;Flammenkappe;1;17081;19056
22788;Flammenkappe;1;17081;19056
22788;Flammenkappe;1;17081;19056
22788;Flammenkappe;10;168310;179900
22788;Flammenkappe;10;152200;184000
22788;Flammenkappe;20;304400;368000
22788;Flammenkappe;20;304400;368000
22788;Flammenkappe;20;304400;368000
22788;Flammenkappe;8;97561;121952
14775;Verheererwollwäsche;1;29000;29000
14471;Muster: Aschenstoffweste;1;423036;528795
11205;Formel: Handschuhe - Hochentwickelte Kräuterkunde;1;1175600;1469500
22445;Arkaner Staub;7;111111;111213
22445;Arkaner Staub;20;242800;252580
22445;Arkaner Staub;20;242800;252580
22445;Arkaner Staub;20;242800;252580
22445;Arkaner Staub;20;242800;252580
22445;Arkaner Staub;20;242800;252580
22445;Arkaner Staub;20;242800;252580
22445;Arkaner Staub;20;242800;252580
22445;Arkaner Staub;20;242800;252580
22445;Arkaner Staub;20;242800;252580
22445;Arkaner Staub;20;242800;252580
21099;Rezept: Geräucherter Weisenfisch;1;17546;21933
21309;Schneemannset;1;505600;632000
15768;Muster: Tückischer Ledergürtel;1;56973;71217
23766;Geeichtes Eterniumzielfernrohr;1;2087099;2425099
24272;Schattenstoff;1;396000;400000
24272;Schattenstoff;1;396000;400000
24272;Schattenstoff;1;396000;400000
24272;Schattenstoff;1;396000;400000
24272;Schattenstoff;1;364000;382700
9252;Unteres Kartenfragment;1;9500;60000
9252;Unteres Kartenfragment;1;77536;96920
9252;Unteres Kartenfragment;1;77536;96920
25650;Knotenhautrüstungsset;4;59996;79996
25650;Knotenhautrüstungsset;4;59996;79996
25650;Knotenhautrüstungsset;10;142500;170000
25650;Knotenhautrüstungsset;4;59996;79996
7493;Hauptmannsarmschienen;1;8000;8000
8544;Magiestoffverband;11;8888;9999
16055;Bauplan: Arkane Bombe;1;109000;200000
16055;Bauplan: Arkane Bombe;1;252251;280279
34068;Gewichtige Kürbislaterne;20;3300000;3900000
34068;Gewichtige Kürbislaterne;19;3135000;3705000
34068;Gewichtige Kürbislaterne;20;3300000;3900000
34068;Gewichtige Kürbislaterne;20;3300000;3900000
34068;Gewichtige Kürbislaterne;20;3300000;3900000
34068;Gewichtige Kürbislaterne;20;3300000;3900000
12804;Mächtiges Mojo;1;45599;56999
12804;Mächtiges Mojo;1;45599;56999
15773;Muster: Tückische Lederrüstung;1;21100;26376
13948;Rezept: Machtfischsteak;1;97500;100000
23449;Khoriumbarren;10;750000;800000
23449;Khoriumbarren;10;750000;800000
23449;Khoriumbarren;10;750000;800000
23449;Khoriumbarren;10;750000;800000
7911;Echtsilbererz;6;7617;9522
13444;Erheblicher Manatrank;1;17496;19440
13444;Erheblicher Manatrank;1;15500;15999
13444;Erheblicher Manatrank;5;31250;79999
13444;Erheblicher Manatrank;1;16699;17999
13444;Erheblicher Manatrank;1;6250;16000
13444;Erheblicher Manatrank;5;31250;79999
19268;Elementar Ass;1;1748000;2185000
9402;Erdgeborener Kilt;1;63297;79122
18257;Rezept: Erheblicher Verjüngungstrank;1;2469500;3087500
23447;Eterniumbarren;5;180000;200000
2589;Leinenstoff;10;3624;4027
2589;Leinenstoff;10;3624;4027
2589;Leinenstoff;10;3624;4027
2589;Leinenstoff;20;5456;6820
2589;Leinenstoff;20;5456;6820
2589;Leinenstoff;20;5456;6820
2589;Leinenstoff;20;5088;6360
2589;Leinenstoff;13;3307;4134
1204;Der grüne Turm;1;22500;54750
17723;Grünes Festtagshemd;1;39999;49999
34220;Wechselhafter Himmelsfeuerdiamant;1;1459924;1593998
34220;Wechselhafter Himmelsfeuerdiamant;1;1110100;1174000
34220;Wechselhafter Himmelsfeuerdiamant;1;1459924;1593998
34220;Wechselhafter Himmelsfeuerdiamant;1;1459924;1593998
34220;Wechselhafter Himmelsfeuerdiamant;1;1459924;1593998
34220;Wechselhafter Himmelsfeuerdiamant;1;1459924;1593998
34220;Wechselhafter Himmelsfeuerdiamant;1;1459924;1593998
34220;Wechselhafter Himmelsfeuerdiamant;1;1459924;1593998
34220;Wechselhafter Himmelsfeuerdiamant;1;1144500;1147500
34220;Wechselhafter Himmelsfeuerdiamant;1;1144500;1147500
34220;Wechselhafter Himmelsfeuerdiamant;1;1145000;1150000
34220;Wechselhafter Himmelsfeuerdiamant;1;1145000;1150000
34220;Wechselhafter Himmelsfeuerdiamant;1;1110100;1174000
34220;Wechselhafter Himmelsfeuerdiamant;1;1110100;1174000
34220;Wechselhafter Himmelsfeuerdiamant;1;1110100;1174000
34220;Wechselhafter Himmelsfeuerdiamant;1;1459924;1593998
34220;Wechselhafter Himmelsfeuerdiamant;1;1110100;1174000
34220;Wechselhafter Himmelsfeuerdiamant;1;1110100;1174000
34220;Wechselhafter Himmelsfeuerdiamant;1;1110100;1174000
34220;Wechselhafter Himmelsfeuerdiamant;1;1229999;1229999
34220;Wechselhafter Himmelsfeuerdiamant;1;1229999;1229999
34220;Wechselhafter Himmelsfeuerdiamant;1;1459924;1593998
34220;Wechselhafter Himmelsfeuerdiamant;1;1459924;1593998
34220;Wechselhafter Himmelsfeuerdiamant;1;1459924;1593998
34220;Wechselhafter Himmelsfeuerdiamant;1;1459924;1593998
34220;Wechselhafter Himmelsfeuerdiamant;1;1459924;1593998
34220;Wechselhafter Himmelsfeuerdiamant;1;1459924;1593998
34220;Wechselhafter Himmelsfeuerdiamant;1;1459924;1593998
34220;Wechselhafter Himmelsfeuerdiamant;1;1459924;1593998
34220;Wechselhafter Himmelsfeuerdiamant;1;1459924;1593998
3358;Khadgars Schnurrbart;1;194;243
3358;Khadgars Schnurrbart;1;194;243
22831;Elixier der erheblichen Beweglichkeit;1;49999;59999
22831;Elixier der erheblichen Beweglichkeit;1;49999;59999
22831;Elixier der erheblichen Beweglichkeit;1;49999;59999
22831;Elixier der erheblichen Beweglichkeit;1;49999;59999
3864;Citrin;1;1307;1634
3864;Citrin;1;1064;1330
3864;Citrin;1;1569;2043
3864;Citrin;1;2900;3500
3864;Citrin;1;1699;1888
3864;Citrin;20;104000;200000
22836;Erheblicher Trank des traumlosen Schlafs;2;15000;90000
8490;Katzentransportkorb (Siamkatze);1;499900;499900
14496;Muster: Teufelsstoffkapuze;1;11096;11098
16072;Expertenkochbuch;1;27600;29500
16072;Expertenkochbuch;1;27600;29500
15745;Muster: Runenverzierter Ledergürtel;1;47500;50000
19269;Elementar 2;1;37550;38000
16216;Formel: Umhang - Großer Widerstand;1;35165;43957
10620;Thoriumerz;20;69184;86480
11139;Großer leuchtender Splitter;1;4000;4300
11139;Großer leuchtender Splitter;1;4000;4400
11139;Großer leuchtender Splitter;1;3546;4433
11139;Großer leuchtender Splitter;1;3546;4433
11610;Pläne: Dunkeleisenpulverisierer;1;467152;583940
21542;Festtagsanzug;1;299999;499999
3867;Pläne: Goldener Eisenzerstörer;1;9040;13800
19262;Kriegsfürst 5;1;174964;174982
19262;Kriegsfürst 5;1;156560;169999
19262;Kriegsfürst 5;1;299999;299999
34490;Tasche für alle Felle;1;836613;1045767
2962;Brandlederbundhosen;1;21600;32000
22832;Erstklassiger Manatrank;5;130000;140000
22832;Erstklassiger Manatrank;5;110400;129200
22832;Erstklassiger Manatrank;5;130000;140000
22832;Erstklassiger Manatrank;5;130000;140000
22832;Erstklassiger Manatrank;5;130000;140000
22832;Erstklassiger Manatrank;5;130000;140000
22832;Erstklassiger Manatrank;5;130000;140000
22832;Erstklassiger Manatrank;5;130000;140000
22832;Erstklassiger Manatrank;5;130000;140000
22832;Erstklassiger Manatrank;5;130000;140000
22832;Erstklassiger Manatrank;5;130000;140000
22832;Erstklassiger Manatrank;5;130000;140000
22832;Erstklassiger Manatrank;5;130000;140000
22832;Erstklassiger Manatrank;5;124299;124399
22832;Erstklassiger Manatrank;5;124299;124399
22832;Erstklassiger Manatrank;5;124299;124399
22832;Erstklassiger Manatrank;5;124299;124399
22832;Erstklassiger Manatrank;5;124299;124399
22832;Erstklassiger Manatrank;5;124299;124399
22832;Erstklassiger Manatrank;5;124299;124399
22832;Erstklassiger Manatrank;5;124299;124399
22832;Erstklassiger Manatrank;5;124299;124399
22832;Erstklassiger Manatrank;5;124299;124399
22832;Erstklassiger Manatrank;5;124299;124399
22832;Erstklassiger Manatrank;5;124299;124399
22832;Erstklassiger Manatrank;5;124299;124399
22832;Erstklassiger Manatrank;5;132000;139500
22832;Erstklassiger Manatrank;5;107500;130000
22832;Erstklassiger Manatrank;5;132000;139500
22832;Erstklassiger Manatrank;5;132000;139500
22832;Erstklassiger Manatrank;5;132000;139500
22832;Erstklassiger Manatrank;5;132000;139500
22832;Erstklassiger Manatrank;5;132000;139500
22832;Erstklassiger Manatrank;5;132000;139500
22832;Erstklassiger Manatrank;5;132000;139500
22832;Erstklassiger Manatrank;5;132000;139500
22832;Erstklassiger Manatrank;5;132000;139500
22832;Erstklassiger Manatrank;5;132000;139500
22832;Erstklassiger Manatrank;5;122375;122805
22832;Erstklassiger Manatrank;5;122375;122805
22832;Erstklassiger Manatrank;5;122375;122805
22832;Erstklassiger Manatrank;5;122375;122805
22832;Erstklassiger Manatrank;5;122375;122805
22832;Erstklassiger Manatrank;5;120000;120000
22832;Erstklassiger Manatrank;5;120000;120000
22832;Erstklassiger Manatrank;5;120000;120000
22832;Erstklassiger Manatrank;5;120000;120000
22832;Erstklassiger Manatrank;5;120000;120000
22832;Erstklassiger Manatrank;5;120000;120000
22832;Erstklassiger Manatrank;5;120000;120000
2592;Wollstoff;18;10891;15500
2592;Wollstoff;17;15900;15900
2592;Wollstoff;5;5000;5500
13493;Rezept: Großes Arkanelixier;1;37944;47431
13493;Rezept: Großes Arkanelixier;1;37944;47431
31884;Segen 5;1;999799;999899
29533;Kobrahautbeinrüstung;1;1535000;1535000
35563;Verkohlter Bärenkebab;5;7700;8925
3820;Würgetang;1;1195;1196
3820;Würgetang;1;908;1136
3820;Würgetang;2;1920;2400
22451;Urluft;1;174964;174982
22451;Urluft;1;174964;174982
22451;Urluft;1;174964;174982
22451;Urluft;1;174964;174982
22451;Urluft;1;174964;174982
22451;Urluft;1;174964;174982
22451;Urluft;1;174964;174982
22451;Urluft;1;174964;174982
22451;Urluft;1;174964;174982
22451;Urluft;1;174964;174982
22451;Urluft;1;174964;174982
22451;Urluft;1;174964;174982
22451;Urluft;1;174964;174982
22451;Urluft;1;174964;174982
22451;Urluft;1;174964;174982
22451;Urluft;1;174964;174982
22451;Urluft;1;174964;174982
22451;Urluft;1;169899;199899
22451;Urluft;1;169899;199899
22451;Urluft;1;169899;199899
22451;Urluft;1;169899;199899
22451;Urluft;1;169899;199899
22451;Urluft;1;169899;199899
22451;Urluft;1;169899;199899
22451;Urluft;1;169899;199899
22451;Urluft;1;169899;199899
22451;Urluft;1;169899;199899
22451;Urluft;1;169899;199899
22451;Urluft;1;169899;199899
22451;Urluft;1;169899;199899
22451;Urluft;1;169899;199899
22451;Urluft;1;169899;199899
22451;Urluft;1;169899;199899
22451;Urluft;1;169899;199899
22451;Urluft;1;169899;199899
22451;Urluft;1;169899;199899
22451;Urluft;1;169899;199899
22376;Kampfzerschlissenes Stoffstück;1;252805;316007
11138;Kleiner leuchtender Splitter;1;2917;3647
4335;Dunkellila Seidenhemd;1;39999;49999
27664;Gegrillter Matschflosser;20;231399;241499
27664;Gegrillter Matschflosser;20;231399;241499
11224;Formel: Schild - Frostwiderstand;1;262901;328627
22787;Zottelkappe;20;68000;70000
22787;Zottelkappe;20;49900;77900
22787;Zottelkappe;20;74500;75500
22787;Zottelkappe;20;74500;75500
22787;Zottelkappe;20;74500;75500
22787;Zottelkappe;20;74500;75500
22787;Zottelkappe;20;58000;66600
22787;Zottelkappe;20;58000;66600
18661;Bauplan: Weltvergrößerer;1;118400;148000
9036;Magiewiderstandstrank;5;230000;250000
9036;Magiewiderstandstrank;5;230000;250000
9036;Magiewiderstandstrank;5;230000;250000
9036;Magiewiderstandstrank;5;230000;250000
16045;Bauplan: Zaubermachtschutzbrille Xtrem-Plus;1;99566;124458
19236;Bestien 8;1;1992500;1999999
19236;Bestien 8;1;1992500;1999999
19236;Bestien 8;1;1992500;1999999
19236;Bestien 8;1;2465302;2747558
27663;Schwarzgebratener Sporenfisch;20;133499;137999
27663;Schwarzgebratener Sporenfisch;20;133499;137999
27663;Schwarzgebratener Sporenfisch;20;133499;137999
34622;Wirbelschnitter;1;1500000;2250000
34622;Wirbelschnitter;1;2999600;2999900
21213;Konservierter Tannenzweig;20;970000;1000000
21213;Konservierter Tannenzweig;10;37231;46540
21213;Konservierter Tannenzweig;10;37231;46540
21213;Konservierter Tannenzweig;10;37232;46540
1486;Baumrindenjacke;1;313600;392000
25896;Mächtiger Erdsturmdiamant;1;1005000;1008100
13888;Dunkelklauenhummer;20;156800;196000
22825;Elixier der Heilkraft;20;1494880;1499680
23787;Teufelsstahlstabilisator;1;578899;579999
12974;Der schwarze Ritter;1;19976;24970
24479;Schattenperle;1;400000;440000
7969;Mithrilsporen;1;3500;4999
7971;Schwarze Perle;1;236240;259500
7971;Schwarze Perle;1;236240;249500
7971;Schwarze Perle;1;236240;239500
4293;Muster: Lederweste des Hügelwächters;1;1920;2400
4293;Muster: Lederweste des Hügelwächters;1;1277;1597
13041;Wächterklinge;1;6774;9900
785;Maguskönigskraut;20;11900;14900
785;Maguskönigskraut;20;11900;14900
16051;Bauplan: Thoriumpatronen;1;7500;12500
21301;Grüne Helferbox;1;55480;69350
8492;Papageienkäfig (Grünflügelara);1;1500;0
15529;Wachpostengamaschen;1;7958;9948
3309;Barbarischer Lendenschurz;1;6699;20000
8150;Tiefsteinsalz;1;10080;10100
14485;Muster: Hexerzwirngamaschen;1;122931;153664
21884;Urfeuer;1;206000;217500
21884;Urfeuer;1;206000;217500
21884;Urfeuer;1;206000;217500
21884;Urfeuer;1;206000;217500
21884;Urfeuer;1;234498;234999
21884;Urfeuer;1;192080;194902
21884;Urfeuer;1;192080;194902
21884;Urfeuer;1;192080;194902
21884;Urfeuer;1;192080;194902
21884;Urfeuer;1;192080;194902
21884;Urfeuer;1;192080;194902
21884;Urfeuer;1;206000;217500
21884;Urfeuer;1;206000;217500
21884;Urfeuer;1;205900;218000
21884;Urfeuer;1;206000;217500
21884;Urfeuer;1;234498;234999
21884;Urfeuer;1;234498;234999
21884;Urfeuer;1;234498;234999
21884;Urfeuer;1;234498;234999
21884;Urfeuer;1;206000;217500
21884;Urfeuer;1;234498;234999
21884;Urfeuer;1;234498;234999
21884;Urfeuer;1;234498;234999
21884;Urfeuer;1;205900;218000
21884;Urfeuer;1;206000;217500
21884;Urfeuer;1;206000;217500
21884;Urfeuer;1;206000;217500
31140;Umhang der Entropie;1;81447;88888
23785;Gehärtetes Adamantitrohr;1;360144;450906
6272;Muster: Blaue Leinenrobe;1;132125;165157
34828;Antiker Silbermanschettenknopf;1;351504;439380
7972;Sekret des Untodes;6;1915;2394
23117;Azurmondstein;1;7248;7249
23117;Azurmondstein;1;7248;7249
23117;Azurmondstein;1;6992;8740
23117;Azurmondstein;1;8738;8739
23117;Azurmondstein;1;6521;8152
23117;Azurmondstein;1;7600;9500
23117;Azurmondstein;2;13000;14000
22574;Feuerpartikel;1;21619;27024
17200;Rezept: Lebkuchen;1;107540;134425
17200;Rezept: Lebkuchen;1;107540;134425
8400;Muster: Feste Skorpidschulterstücke;1;41875;49000
22375;Kampfzerschlissenes Plattenstück;1;196000;245000
32381;Bauplan: Verschmorte Verkabelung;1;49507;62509
9359;Wirts drittes Bein;1;29000;29000
22452;Urerde;1;42112;42499
22452;Urerde;1;42112;42499
22452;Urerde;5;215000;230000
22452;Urerde;5;215000;230000
22452;Urerde;1;42112;42499
22452;Urerde;20;660000;800000
22452;Urerde;20;700000;750000
22452;Urerde;1;54412;54912
22452;Urerde;1;42112;42499
22452;Urerde;1;49555;54044
22790;Urflechte;5;14760;68450
2453;Beulengras;20;2080;2600
2453;Beulengras;18;1872;2340
2772;Eisenerz;20;49556;63320
2772;Eisenerz;20;49556;63320
2772;Eisenerz;20;49556;63320
2772;Eisenerz;20;49556;63320
32226;Gezackter Gischtsmaragd;1;499999;619999
32226;Gezackter Gischtsmaragd;1;489999;609999
25867;Erdsturmdiamant;1;759999;770000
16084;Erste Hilfe für Experten - Verbinden, aber richtig;1;39000;70000
16084;Erste Hilfe für Experten - Verbinden, aber richtig;1;33750;55000
16084;Erste Hilfe für Experten - Verbinden, aber richtig;1;39000;70000
16084;Erste Hilfe für Experten - Verbinden, aber richtig;1;33750;55000
30809;Mal des Sargeras;1;9464;11831
22837;Heldentrank;3;82497;83997
22837;Heldentrank;5;137495;139995
22837;Heldentrank;5;137495;139995
22837;Heldentrank;5;137495;139995
22837;Heldentrank;5;137495;139995
22837;Heldentrank;5;137495;139995
22837;Heldentrank;5;137495;139995
21154;Festtagskleid;1;299999;499999
34831;Auge des Meeres;1;429407;536759
34831;Auge des Meeres;1;536140;595711
14505;Muster: Hexerzwirnturban;1;117600;147000
6522;Deviatfisch;5;49900;100000
6522;Deviatfisch;5;49900;100000
6522;Deviatfisch;5;49900;100000
6522;Deviatfisch;5;49900;100000
12827;Pläne: Beschaulichkeit;1;575443;719304
12827;Pläne: Beschaulichkeit;1;575443;719304
3577;Goldbarren;20;18000;19900
3577;Goldbarren;20;18000;19900
3577;Goldbarren;20;18000;19900
3577;Goldbarren;20;18000;19900
3577;Goldbarren;20;18000;19900
3577;Goldbarren;6;4305;5382
3577;Goldbarren;20;18000;30000
27501;Rolle der Willenskraft V;5;249995;299995
27501;Rolle der Willenskraft V;5;249995;299995
27501;Rolle der Willenskraft V;5;249995;299995
27501;Rolle der Willenskraft V;5;249995;299995
27501;Rolle der Willenskraft V;5;249995;299995
27501;Rolle der Willenskraft V;5;249995;299995
27501;Rolle der Willenskraft V;5;249995;299995
27501;Rolle der Willenskraft V;5;249995;299995
11018;Erde von Un'Goro;1;419;800
11018;Erde von Un'Goro;27;75913;95000
11018;Erde von Un'Goro;41;39570;45338
11018;Erde von Un'Goro;46;129999;179999
11018;Erde von Un'Goro;54;109530;137538
32230;Schattensangamethyst;1;390000;400000
32230;Schattensangamethyst;1;390000;400000
929;Heiltrank;5;1462;2200
10998;Geringe Astralessenz;1;5592;6990
8827;Elixier des Wasserwandelns;20;13749;19799
11813;Formel: Rauchendes Herz des Berges;1;3919979;4899974
10605;Bauplan: Zaubermachtschutzbrille Xtrem;1;14683;18354
10605;Bauplan: Zaubermachtschutzbrille Xtrem;1;1312;11100
10605;Bauplan: Zaubermachtschutzbrille Xtrem;1;7839;9799
10605;Bauplan: Zaubermachtschutzbrille Xtrem;1;3800;4750
34827;Adligenmonokel;1;429579;463099
19261;Kriegsfürst 4;1;65612;81138
19261;Kriegsfürst 4;1;60000;80000
23593;Pläne: Adamantitrapier;1;109623;137029
31888;Segen 3;1;189999;237499
12190;Trank des traumlosen Schlafs;5;30000;49999
12190;Trank des traumlosen Schlafs;4;29900;39900
21854;Netherstoffrobe;1;143900;150000
31142;Klinge des gefangenen Wissens;1;71654;89568
15982;Blutgewebte Rute;1;26054;32568
22866;Fläschchen des reinen Todes;5;970200;975100
22866;Fläschchen des reinen Todes;1;195800;195900
22866;Fläschchen des reinen Todes;1;195800;195900
38225;Mycahs Botanikerbeutel;1;1900000;2100000
24791;Expeditionsstiefel;1;129511;163264
24057;Königliches Nachtauge;1;71647;89559
24057;Königliches Nachtauge;1;71647;89559
29540;Verstärkte Bergbautasche;1;495000;500000
16254;Formel: Waffe - Lebensdiebstahl;1;95600;119501
23116;Massiver Golddraenit;1;3750;10000
23116;Massiver Golddraenit;1;3750;10000
23116;Massiver Golddraenit;1;3750;10000
33874;Kiblers Häppchen;20;99999;109999
33874;Kiblers Häppchen;20;99999;109999
33874;Kiblers Häppchen;20;99999;109999
4623;Geringer Steinschildtrank;1;4562;4599
1973;Täuschungskugel;1;190000;210000
1973;Täuschungskugel;1;190000;210000
25849;Formel: Runenverzierte Eterniumrute;1;113333;141667
14047;Runenstoff;20;26880;28980
14047;Runenstoff;20;26880;28980
14047;Runenstoff;20;26880;28980
14047;Runenstoff;20;26880;28980
14047;Runenstoff;20;26880;28980
14047;Runenstoff;20;26880;28980
14047;Runenstoff;20;26880;28980
14047;Runenstoff;20;26880;28980
14047;Runenstoff;20;26880;28980
14047;Runenstoff;20;26880;28980
14047;Runenstoff;20;26880;28980
14047;Runenstoff;20;26880;28980
14047;Runenstoff;20;26880;28980
14047;Runenstoff;20;26880;28980
14047;Runenstoff;20;26880;28980
14047;Runenstoff;20;26880;28980
14047;Runenstoff;9;12096;13041
14047;Runenstoff;19;11400;30000
14047;Runenstoff;20;29000;29900
14047;Runenstoff;20;31900;41900
14047;Runenstoff;20;29000;29900
14047;Runenstoff;20;29000;29900
14047;Runenstoff;20;29376;39920
16244;Formel: Handschuhe - Große Stärke;1;373467;466834
16244;Formel: Handschuhe - Große Stärke;1;373467;466834
21881;Netherweberseide;2;35000;35500
13019;Harpyienklauenkurzbogen;1;8544;13180
23118;Gediegener Azurmondstein;1;7296;14520
23118;Gediegener Azurmondstein;1;7296;14520
23118;Gediegener Azurmondstein;1;7296;14520
23118;Gediegener Azurmondstein;1;7296;14520
23118;Gediegener Azurmondstein;1;7296;14520
17201;Rezept: Eierflip;1;53000;67000
17201;Rezept: Eierflip;1;53782;67228
17201;Rezept: Eierflip;1;53782;67228
1717;Doppelverbundtunika;1;15014;16682
16049;Bauplan: Dunkeleisenbombe;1;739999;924999
19265;Kriegsfürst 8;1;45951;57439
19265;Kriegsfürst 8;1;57593;57599
7077;Herz des Feuers;4;231606;289508
7077;Herz des Feuers;1;50600;59999
22449;Großer Prismasplitter;5;590100;599999
22449;Großer Prismasplitter;10;1239992;1339990
22449;Großer Prismasplitter;10;1239992;1339990
22449;Großer Prismasplitter;10;1239992;1339990
22449;Großer Prismasplitter;10;1239992;1339990
22449;Großer Prismasplitter;5;590100;599999
22449;Großer Prismasplitter;5;590100;599999
22449;Großer Prismasplitter;5;590100;599999
22449;Großer Prismasplitter;4;757000;798000
22449;Großer Prismasplitter;5;590100;599999
22449;Großer Prismasplitter;5;590100;599999
22449;Großer Prismasplitter;5;590100;599999
22449;Großer Prismasplitter;5;590100;599999
17722;Muster: Handschuhe des Altvaters;1;255988;319986
17202;Schneeball;20;125600;149500
16242;Formel: Brust - Erhebliches Mana;1;121284;151606
16242;Formel: Brust - Erhebliches Mana;1;121284;151606
21151;Schwarzer Rumsey Rum;10;48990;49990
21151;Schwarzer Rumsey Rum;10;48990;49990
21151;Schwarzer Rumsey Rum;10;48990;49990
21151;Schwarzer Rumsey Rum;10;48990;49990
21151;Schwarzer Rumsey Rum;10;48990;49990
21151;Schwarzer Rumsey Rum;10;48990;49990
21151;Schwarzer Rumsey Rum;10;48990;49990
21151;Schwarzer Rumsey Rum;10;48990;49990
21151;Schwarzer Rumsey Rum;10;48990;49990
18600;Foliant der arkanen Brillanz;1;38399;47999
23784;Adamantitrahmen;1;95000;100000
23784;Adamantitrahmen;1;95000;100000
23784;Adamantitrahmen;1;95000;100000
24035;Funkelnder Stern der Elune;1;31000;35000
24035;Funkelnder Stern der Elune;1;31000;35000
24035;Funkelnder Stern der Elune;1;31000;35000
24035;Funkelnder Stern der Elune;1;31000;35000
24035;Funkelnder Stern der Elune;1;31000;35000
24035;Funkelnder Stern der Elune;1;31000;35000
24035;Funkelnder Stern der Elune;1;31000;35000
24035;Funkelnder Stern der Elune;1;31000;35000
22565;Formel: Großer Prismasplitter;1;139590;175988
14585;Dokebigamaschen;1;7638;9548
23786;Khoriumkraftkern;1;309100;309599
35758;Beständiger Gischtsmaragd;1;527643;659554
35758;Beständiger Gischtsmaragd;1;527643;659554
35758;Beständiger Gischtsmaragd;1;527643;659554
35758;Beständiger Gischtsmaragd;1;519999;649999
35758;Beständiger Gischtsmaragd;1;527643;659554
35758;Beständiger Gischtsmaragd;1;527643;659554
35758;Beständiger Gischtsmaragd;1;527643;659554
22861;Fläschchen des blendenden Lichts;5;990000;990000
22861;Fläschchen des blendenden Lichts;5;990000;990000
22861;Fläschchen des blendenden Lichts;5;1162252;1162440
22861;Fläschchen des blendenden Lichts;1;239090;239099
22861;Fläschchen des blendenden Lichts;1;239090;239099
22861;Fläschchen des blendenden Lichts;1;239090;239099
22861;Fläschchen des blendenden Lichts;1;239090;239099
22861;Fläschchen des blendenden Lichts;1;239090;239099
22861;Fläschchen des blendenden Lichts;5;900000;900000
22861;Fläschchen des blendenden Lichts;5;900000;900000
8244;Fehlerlose Draenethystsphäre;1;221584;276980
8244;Fehlerlose Draenethystsphäre;1;221584;276980
24478;Jaggalperle;5;27500;28800
11226;Formel: Handschuhe - Reitfertigkeit;1;397072;496341
22446;Große Planaressenz;1;139579;174099
22446;Große Planaressenz;10;1700000;1750000
22446;Große Planaressenz;1;139579;174099
22446;Große Planaressenz;10;1700000;1750000
22446;Große Planaressenz;10;1700000;1750000
22446;Große Planaressenz;10;1700000;1750000
22446;Große Planaressenz;1;139579;174099
22446;Große Planaressenz;10;1700000;1750000
22446;Große Planaressenz;10;1700000;1750000
22446;Große Planaressenz;10;1700000;1750000
22446;Große Planaressenz;10;1700000;1750000
22446;Große Planaressenz;10;1700000;1750000
22446;Große Planaressenz;10;1700000;1750000
22446;Große Planaressenz;1;219498;219498
22446;Große Planaressenz;1;219498;219498
22446;Große Planaressenz;1;219498;219498
4597;Rezept: Verfärbter Heiltrank;1;156800;196000
19267;Elementarkartenset;1;3999993;3999999
19267;Elementarkartenset;1;3039999;3799999
19267;Elementarkartenset;1;3670000;3770000
34440;Trank des verrückten Alchemisten;5;140675;156306
34440;Trank des verrückten Alchemisten;5;52500;99999
34440;Trank des verrückten Alchemisten;5;140675;156306
34440;Trank des verrückten Alchemisten;5;142500;149900
34440;Trank des verrückten Alchemisten;5;142500;149900
34440;Trank des verrückten Alchemisten;5;142500;149900
34440;Trank des verrückten Alchemisten;5;142500;149900
34440;Trank des verrückten Alchemisten;5;139650;146900
34440;Trank des verrückten Alchemisten;5;140675;156306
34440;Trank des verrückten Alchemisten;5;52500;99999
34440;Trank des verrückten Alchemisten;5;139650;146900
34440;Trank des verrückten Alchemisten;5;139650;146900
34440;Trank des verrückten Alchemisten;5;139650;146900
34440;Trank des verrückten Alchemisten;1;27930;29380
34440;Trank des verrückten Alchemisten;5;140675;156306
27700;Rezept: Würziger Flusskrebs;1;245027;306284
34099;Munitionsbeutel aus Knotenhautleder;1;393750;400000
